1,Bread - Rosemary Focaccia,$0.46 ,amet eleifend pede libero quis orci nullam molestie nibh in lectus pellentesque at
2,"Zucchini - Mini, Green",$7.40 ,sem fusce consequat nulla nisl nunc nisl duis bibendum felis sed interdum venenatis turpis enim blandit
3,Lotus Leaves,$0.03 ,phasellus id sapien in sapien iaculis congue vivamus metus arcu adipiscing molestie hendrerit at vulputate
4,Chocolate - Compound Coating,$2.80 ,luctus et ultrices posuere cubilia curae mauris viverra diam vitae quam suspendisse potenti nullam porttitor lacus at turpis
5,Country Roll,$5.65 ,potenti in eleifend quam a odio in hac habitasse platea dictumst maecenas ut
6,Lidsoupcont Rp12dn,$7.05 ,pulvinar lobortis est phasellus sit amet erat nulla tempus vivamus in felis eu sapien cursus vestibulum
7,Bread Crumbs - Japanese Style,$8.98 ,adipiscing elit proin interdum mauris non ligula pellentesque ultrices phasellus
8,Island Oasis - Lemonade,$4.84 ,turpis integer aliquet massa id lobortis convallis tortor risus dapibus augue vel accumsan tellus nisi eu
9,"Fish - Atlantic Salmon, Cold",$2.89 ,integer ac neque duis bibendum morbi non quam nec dui
10,Herb Du Provence - Primerba,$4.22 ,faucibus orci luctus et ultrices posuere cubilia curae nulla dapibus dolor vel est donec odio justo sollicitudin ut suscipit
11,Wine - Crozes Hermitage E.,$4.08 ,diam in magna bibendum imperdiet nullam orci pede venenatis non sodales sed tincidunt
12,"Pasta - Penne, Lisce, Dry",$6.62 ,imperdiet et commodo vulputate justo in blandit ultrices enim lorem
13,"Veal - Shank, Pieces",$0.58 ,ultricies eu nibh quisque id justo sit amet sapien dignissim vestibulum vestibulum ante ipsum
14,Pepper - Cubanelle,$7.98 ,pretium iaculis diam erat fermentum justo nec condimentum neque sapien placerat ante nulla justo aliquam quis
15,"Chicken - Base, Ultimate",$2.40 ,adipiscing molestie hendrerit at vulputate vitae nisl aenean lectus pellentesque eget nunc donec quis orci eget
16,"Nut - Hazelnut, Ground, Natural",$5.54 ,turpis elementum ligula vehicula consequat morbi a ipsum integer a nibh in quis justo maecenas rhoncus
17,Cookie - Oatmeal,$2.83 ,vestibulum quam sapien varius ut blandit non interdum in ante vestibulum ante ipsum
18,Veal - Inside,$4.97 ,vitae ipsum aliquam non mauris morbi non lectus aliquam sit amet
19,Cake Slab,$5.17 ,erat quisque erat eros viverra eget congue eget semper rutrum nulla nunc purus phasellus in felis donec semper sapien
20,Lettuce - Arugula,$4.14 ,non mi integer ac neque duis bibendum morbi non quam nec
21,Rice - Long Grain,$1.65 ,ut odio cras mi pede malesuada in imperdiet et commodo vulputate
22,Yeast Dry - Fleischman,$9.31 ,justo eu massa donec dapibus duis at velit eu est congue elementum in hac habitasse platea
23,Bread - Olive,$5.43 ,dui nec nisi volutpat eleifend donec ut dolor morbi vel lectus in quam
24,Milk 2% 500 Ml,$2.41 ,rhoncus dui vel sem sed sagittis nam congue risus semper porta volutpat quam pede lobortis ligula sit amet eleifend pede
25,Onions Granulated,$4.42 ,tempus sit amet sem fusce consequat nulla nisl nunc nisl
26,Flavouring Vanilla Artificial,$5.81 ,ipsum ac tellus semper interdum mauris ullamcorper purus sit amet nulla quisque
27,Pomegranates,$2.07 ,morbi vestibulum velit id pretium iaculis diam erat fermentum justo nec condimentum neque sapien placerat ante nulla justo aliquam
28,Thyme - Dried,$7.37 ,porttitor lacus at turpis donec posuere metus vitae ipsum aliquam non mauris morbi non
29,Snapple Lemon Tea,$4.08 ,accumsan odio curabitur convallis duis consequat dui nec nisi volutpat eleifend
30,"Cheese - Brie,danish",$8.44 ,ut suscipit a feugiat et eros vestibulum ac est lacinia nisi venenatis tristique fusce congue diam id ornare imperdiet
31,Corn Shoots,$0.37 ,nullam molestie nibh in lectus pellentesque at nulla suspendisse potenti cras in purus
32,Wine - Magnotta - Belpaese,$3.00 ,orci pede venenatis non sodales sed tincidunt eu felis fusce posuere felis sed lacus morbi sem mauris laoreet
33,Cheese - Colby,$0.58 ,vulputate nonummy maecenas tincidunt lacus at velit vivamus vel nulla eget eros elementum pellentesque quisque porta volutpat erat quisque erat
34,Shark - Loin,$4.21 ,lacinia sapien quis libero nullam sit amet turpis elementum ligula vehicula consequat morbi a ipsum
35,Pastry - Apple Muffins - Mini,$2.17 ,adipiscing molestie hendrerit at vulputate vitae nisl aenean lectus pellentesque eget nunc donec quis orci eget orci vehicula condimentum
36,Bread Base - Toscano,$6.17 ,libero non mattis pulvinar nulla pede ullamcorper augue a suscipit nulla elit ac nulla sed vel
37,Sorrel - Fresh,$7.75 ,dapibus nulla suscipit ligula in lacus curabitur at ipsum ac tellus semper interdum mauris ullamcorper purus sit
38,Soup Campbells Beef With Veg,$0.69 ,et eros vestibulum ac est lacinia nisi venenatis tristique fusce congue diam id ornare imperdiet sapien
39,Tomato - Plum With Basil,$3.47 ,ultrices posuere cubilia curae nulla dapibus dolor vel est donec odio justo sollicitudin ut suscipit a feugiat
40,Trueblue - Blueberry 12x473ml,$9.98 ,molestie nibh in lectus pellentesque at nulla suspendisse potenti cras in purus eu
41,Jolt Cola - Electric Blue,$3.51 ,enim blandit mi in porttitor pede justo eu massa donec dapibus duis at velit eu est congue
42,"Beef - Bones, Marrow",$9.08 ,ac diam cras pellentesque volutpat dui maecenas tristique est et tempus semper est quam pharetra
43,Beef - Sushi Flat Iron Steak,$8.57 ,turpis nec euismod scelerisque quam turpis adipiscing lorem vitae mattis nibh ligula nec sem duis aliquam convallis nunc proin
44,Chicken - Bones,$3.15 ,sapien sapien non mi integer ac neque duis bibendum morbi non quam nec dui luctus rutrum nulla tellus
45,Swiss Chard - Red,$9.99 ,condimentum curabitur in libero ut massa volutpat convallis morbi odio odio elementum
46,Appetizer - Lobster Phyllo Roll,$7.77 ,ultrices vel augue vestibulum ante ipsum primis in faucibus orci luctus et ultrices posuere cubilia curae donec pharetra
47,Dried Cherries,$3.56 ,et ultrices posuere cubilia curae donec pharetra magna vestibulum aliquet ultrices erat tortor sollicitudin mi sit
48,"Beef - Rib Roast, Capless",$2.32 ,at velit eu est congue elementum in hac habitasse platea dictumst morbi vestibulum velit id pretium iaculis
49,Wine - White Cab Sauv.on,$8.23 ,fusce posuere felis sed lacus morbi sem mauris laoreet ut rhoncus aliquet pulvinar sed nisl nunc rhoncus dui vel sem
50,Container - Clear 32 Oz,$0.74 ,cras pellentesque volutpat dui maecenas tristique est et tempus semper est quam pharetra magna ac
51,Lamb Tenderloin Nz Fr,$2.36 ,quis odio consequat varius integer ac leo pellentesque ultrices mattis odio donec vitae nisi nam ultrices
52,Wine - Placido Pinot Grigo,$5.47 ,odio in hac habitasse platea dictumst maecenas ut massa quis augue luctus tincidunt nulla
53,"Shrimp, Dried, Small / Lb",$3.19 ,luctus tincidunt nulla mollis molestie lorem quisque ut erat curabitur gravida nisi at nibh in
54,Crab Brie In Phyllo,$3.86 ,aliquet at feugiat non pretium quis lectus suspendisse potenti in eleifend quam a odio
55,Chocolate - Compound Coating,$0.40 ,viverra dapibus nulla suscipit ligula in lacus curabitur at ipsum ac tellus semper interdum mauris ullamcorper purus
56,Bread - Sour Sticks With Onion,$2.29 ,libero rutrum ac lobortis vel dapibus at diam nam tristique
57,"Soup - Campbells, Creamy",$9.94 ,sit amet lobortis sapien sapien non mi integer ac neque duis
58,Slt - Individual Portions,$7.95 ,porttitor pede justo eu massa donec dapibus duis at velit eu est congue elementum in hac habitasse platea dictumst morbi
59,Pastry - Chocolate Marble Tea,$8.35 ,molestie hendrerit at vulputate vitae nisl aenean lectus pellentesque eget nunc donec quis orci eget
60,Pickerel - Fillets,$0.95 ,orci nullam molestie nibh in lectus pellentesque at nulla suspendisse
61,Syrup - Monin - Passion Fruit,$7.15 ,purus eu magna vulputate luctus cum sociis natoque penatibus et magnis dis parturient montes nascetur ridiculus mus vivamus
62,"Spoon - Soup, Plastic",$9.62 ,nulla suscipit ligula in lacus curabitur at ipsum ac tellus semper interdum mauris ullamcorper purus
63,"Pasta - Canelloni, Single Serve",$8.94 ,massa id lobortis convallis tortor risus dapibus augue vel accumsan tellus nisi eu orci mauris lacinia
64,Island Oasis - Sweet And Sour Mix,$8.55 ,sit amet nulla quisque arcu libero rutrum ac lobortis vel dapibus at diam nam tristique tortor eu
65,"Crush - Orange, 355ml",$6.15 ,sed accumsan felis ut at dolor quis odio consequat varius integer ac leo pellentesque ultrices mattis odio donec vitae nisi
66,Beer - Muskoka Cream Ale,$4.33 ,neque duis bibendum morbi non quam nec dui luctus rutrum nulla tellus in sagittis dui vel
67,Glass - Juice Clear 5oz 55005,$2.89 ,nullam porttitor lacus at turpis donec posuere metus vitae ipsum aliquam non mauris morbi non
68,"Wine - White, Riesling, Henry Of",$6.15 ,nulla quisque arcu libero rutrum ac lobortis vel dapibus at diam nam tristique tortor
69,Apron,$6.67 ,nulla facilisi cras non velit nec nisi vulputate nonummy maecenas tincidunt
70,Dates,$8.59 ,venenatis tristique fusce congue diam id ornare imperdiet sapien urna pretium nisl ut volutpat sapien arcu sed augue aliquam
71,Lemon Grass,$5.61 ,in purus eu magna vulputate luctus cum sociis natoque penatibus et magnis dis
72,Bread - Italian Corn Meal Poly,$8.80 ,condimentum curabitur in libero ut massa volutpat convallis morbi odio odio elementum
73,Orange Roughy 4/6 Oz,$0.69 ,laoreet ut rhoncus aliquet pulvinar sed nisl nunc rhoncus dui vel sem
74,Chickensplit Half,$1.24 ,aliquam erat volutpat in congue etiam justo etiam pretium iaculis justo in hac habitasse platea dictumst etiam faucibus cursus urna
75,Irish Cream - Butterscotch,$5.25 ,cursus id turpis integer aliquet massa id lobortis convallis tortor risus dapibus augue vel accumsan tellus nisi
76,Cotton Wet Mop 16 Oz,$8.76 ,augue vestibulum rutrum rutrum neque aenean auctor gravida sem praesent id massa id nisl
77,"Pork - Tenderloin, Fresh",$0.62 ,libero non mattis pulvinar nulla pede ullamcorper augue a suscipit nulla elit ac nulla sed vel enim
78,Quail - Jumbo,$8.87 ,eget elit sodales scelerisque mauris sit amet eros suspendisse accumsan tortor quis
79,Tarts Assorted,$9.47 ,non mauris morbi non lectus aliquam sit amet diam in magna bibendum imperdiet
80,Dawn Professionl Pot And Pan,$4.74 ,vulputate luctus cum sociis natoque penatibus et magnis dis parturient montes nascetur ridiculus mus
81,Island Oasis - Sweet And Sour Mix,$10.00 ,consequat morbi a ipsum integer a nibh in quis justo maecenas rhoncus
82,Bread - Bistro Sour,$7.65 ,leo maecenas pulvinar lobortis est phasellus sit amet erat nulla tempus vivamus in felis eu sapien cursus
83,Onions - Red,$2.64 ,leo pellentesque ultrices mattis odio donec vitae nisi nam ultrices libero non mattis pulvinar nulla pede ullamcorper
84,Syrup - Monin - Blue Curacao,$4.80 ,eget eleifend luctus ultricies eu nibh quisque id justo sit amet sapien
85,Pastry - Apple Large,$7.74 ,aliquam convallis nunc proin at turpis a pede posuere nonummy integer non velit donec
86,Spice - Montreal Steak Spice,$4.59 ,sapien a libero nam dui proin leo odio porttitor id consequat in consequat ut nulla sed accumsan felis ut
87,Wooden Mop Handle,$2.81 ,orci luctus et ultrices posuere cubilia curae donec pharetra magna vestibulum aliquet
88,Lettuce - Arugula,$3.67 ,praesent id massa id nisl venenatis lacinia aenean sit amet justo morbi
89,Gingerale - Diet - Schweppes,$9.59 ,leo rhoncus sed vestibulum sit amet cursus id turpis integer aliquet massa
90,Capon - Whole,$4.23 ,nullam porttitor lacus at turpis donec posuere metus vitae ipsum aliquam non mauris morbi non lectus aliquam sit amet diam
91,"Chicken - Breast, 5 - 7 Oz",$3.44 ,in hac habitasse platea dictumst aliquam augue quam sollicitudin vitae
92,Wine - Pinot Noir Latour,$2.05 ,varius ut blandit non interdum in ante vestibulum ante ipsum primis in faucibus
93,Sprouts - Bean,$3.41 ,nisl duis bibendum felis sed interdum venenatis turpis enim blandit mi in porttitor pede justo
94,"Pail - 4l White, With Handle",$6.65 ,mauris sit amet eros suspendisse accumsan tortor quis turpis sed ante vivamus tortor duis mattis egestas metus
95,Swiss Chard,$5.02 ,in faucibus orci luctus et ultrices posuere cubilia curae mauris viverra diam vitae
96,Beef Cheek Fresh,$4.25 ,vestibulum ante ipsum primis in faucibus orci luctus et ultrices posuere cubilia curae nulla dapibus dolor vel est donec
97,Wood Chips - Regular,$7.65 ,venenatis turpis enim blandit mi in porttitor pede justo eu massa donec dapibus
98,Vol Au Vents,$4.64 ,nulla mollis molestie lorem quisque ut erat curabitur gravida nisi at nibh in hac habitasse platea dictumst
99,Wanton Wrap,$9.99 ,lacus curabitur at ipsum ac tellus semper interdum mauris ullamcorper purus sit
100,Bread Bowl Plain,$2.28 ,sem fusce consequat nulla nisl nunc nisl duis bibendum felis sed interdum venenatis turpis
